Payment ID,Invoice No,Payment Date,Amount Paid
PAY000001,INV00001,2023-04-21 00:00:00,5270.66
PAY000002,INV00003,2024-08-29 00:00:00,22293.22
PAY000003,INV00004,2025-04-25 00:00:00,2400.24
PAY000004,INV00004,2025-07-02 00:00:00,2400.24
PAY000005,INV00005,2025-02-11 00:00:00,2640.79
PAY000006,INV00007,2024-09-19 00:00:00,4667.56
PAY000007,INV00008,2024-05-10 00:00:00,3141.98
PAY000008,INV00011,2023-06-09 00:00:00,4677.2
PAY000009,INV00011,2023-06-17 00:00:00,4677.19
PAY000010,INV00014,2024-02-16 00:00:00,4270.85
PAY000011,INV00015,2026-01-11 00:00:00,8717.06
PAY000012,INV00017,2024-03-16 00:00:00,1793.52
PAY000013,INV00021,2025-07-26 00:00:00,7204.66
PAY000014,INV00021,2025-06-02 00:00:00,7204.66
PAY000015,INV00024,2026-01-31 00:00:00,4074.06
PAY000016,INV00025,2024-07-18 00:00:00,3065.38
PAY000017,INV00025,2024-07-23 00:00:00,3065.37
PAY000018,INV00027,2024-10-29 00:00:00,2404.56
PAY000019,INV00029,2024-09-11 00:00:00,990
PAY000020,INV00030,2023-12-22 00:00:00,3621.62
PAY000021,INV00030,2024-01-14 00:00:00,3621.63
PAY000022,INV00031,2023-04-08 00:00:00,2519.56
PAY000023,INV00035,2024-07-05 00:00:00,2591.24
PAY000024,INV00035,2024-07-16 00:00:00,2591.24
PAY000025,INV00037,2023-10-21 00:00:00,17410.9
PAY000026,INV00038,2026-02-25 00:00:00,24263.2
PAY000027,INV00039,2024-09-19 00:00:00,7247.94
PAY000028,INV00039,2024-09-07 00:00:00,7247.94
PAY000029,INV00040,2025-08-02 00:00:00,2001.76
PAY000030,INV00040,2025-08-06 00:00:00,2001.77
PAY000031,INV00041,2024-05-28 00:00:00,2419.11
PAY000032,INV00041,2024-03-17 00:00:00,2419.11
PAY000033,INV00042,2025-06-14 00:00:00,15033.33
PAY000034,INV00044,2023-05-11 00:00:00,1315.96
PAY000035,INV00045,2024-07-10 00:00:00,3535.31
PAY000036,INV00046,2023-09-22 00:00:00,5301.36
PAY000037,INV00047,2024-02-16 00:00:00,15000.15
PAY000038,INV00050,2024-01-23 00:00:00,5902.35
PAY000039,INV00052,2025-04-06 00:00:00,5478.69
PAY000040,INV00053,2025-10-06 00:00:00,3308.44
PAY000041,INV00053,2025-10-24 00:00:00,3308.45
PAY000042,INV00054,2024-02-01 00:00:00,3474.78
PAY000043,INV00055,2024-05-17 00:00:00,258
PAY000044,INV00058,2025-08-04 00:00:00,15869.56
PAY000045,INV00059,2025-12-29 00:00:00,9440.75
PAY000046,INV00060,2025-07-12 00:00:00,1056.3
PAY000047,INV00060,2025-07-29 00:00:00,1056.29
PAY000048,INV00063,2024-06-19 00:00:00,2797.52
PAY000049,INV00064,2024-09-20 00:00:00,1551.28
PAY000050,INV00064,2024-11-09 00:00:00,1551.27
PAY000051,INV00065,2025-01-13 00:00:00,11529.06
PAY000052,INV00067,2024-02-08 00:00:00,1910.2
PAY000053,INV00067,2024-03-19 00:00:00,1910.2
PAY000054,INV00068,2023-04-20 00:00:00,5584.75
PAY000055,INV00069,2025-08-23 00:00:00,3167.3
PAY000056,INV00071,2023-09-10 00:00:00,5983.84
PAY000057,INV00072,2025-07-23 00:00:00,4471.63
PAY000058,INV00072,2025-08-02 00:00:00,4471.63
PAY000059,INV00073,2025-11-14 00:00:00,2391.76
PAY000060,INV00073,2025-09-19 00:00:00,2391.76
PAY000061,INV00074,2026-02-28 00:00:00,2142.53
PAY000062,INV00074,2026-02-11 00:00:00,2142.53
PAY000063,INV00075,2025-07-25 00:00:00,6219
PAY000064,INV00076,2025-02-16 00:00:00,11034.64
PAY000065,INV00077,2025-12-22 00:00:00,7562.16
PAY000066,INV00081,2023-04-09 00:00:00,20775.05
PAY000067,INV00082,2024-07-28 00:00:00,3511.76
PAY000068,INV00083,2025-10-19 00:00:00,311.59
PAY000069,INV00083,2025-08-15 00:00:00,311.59
PAY000070,INV00086,2025-03-27 00:00:00,4878.46
PAY000071,INV00086,2025-06-02 00:00:00,4878.46
PAY000072,INV00087,2024-05-22 00:00:00,3892.66
PAY000073,INV00089,2026-03-15 00:00:00,3247.86
PAY000074,INV00089,2025-12-24 00:00:00,3247.85
PAY000075,INV00092,2024-09-12 00:00:00,338.83
PAY000076,INV00094,2025-12-26 00:00:00,11235.38
PAY000077,INV00098,2025-09-14 00:00:00,8626.09
PAY000078,INV00099,2025-01-21 00:00:00,789.78
PAY000079,INV00099,2025-02-12 00:00:00,789.78
PAY000080,INV00100,2024-04-03 00:00:00,857.78
PAY000081,INV00103,2024-07-10 00:00:00,3850.96
PAY000082,INV00104,2025-02-14 00:00:00,7385.72
PAY000083,INV00105,2023-11-19 00:00:00,4750.65
PAY000084,INV00107,2024-07-13 00:00:00,5033.85
PAY000085,INV00107,2024-07-21 00:00:00,5033.86
PAY000086,INV00108,2026-01-06 00:00:00,10106.29
PAY000087,INV00109,2025-09-25 00:00:00,4723.46
PAY000088,INV00110,2025-01-28 00:00:00,3574.41
PAY000089,INV00112,2024-05-29 00:00:00,6304.87
PAY000090,INV00113,2023-05-15 00:00:00,6411.05
PAY000091,INV00113,2023-07-16 00:00:00,6411.05
PAY000092,INV00114,2024-04-28 00:00:00,14361.65
PAY000093,INV00115,2024-09-21 00:00:00,11632.02
PAY000094,INV00116,2024-05-28 00:00:00,1248.68
PAY000095,INV00116,2024-02-04 00:00:00,1248.67
PAY000096,INV00117,2026-04-12 00:00:00,2121.05
PAY000097,INV00120,2023-11-04 00:00:00,10017.02
PAY000098,INV00121,2024-02-17 00:00:00,14620.11
PAY000099,INV00122,2024-09-11 00:00:00,6243.43
PAY000100,INV00124,2023-05-05 00:00:00,928.16
PAY000101,INV00125,2025-03-16 00:00:00,9021.21
PAY000102,INV00125,2025-03-27 00:00:00,9021.21
PAY000103,INV00127,2023-07-25 00:00:00,5840.88
PAY000104,INV00130,2024-03-25 00:00:00,17123.25
PAY000105,INV00131,2024-11-27 00:00:00,4139.98
PAY000106,INV00132,2025-06-29 00:00:00,15959.01
PAY000107,INV00133,2026-01-21 00:00:00,11852.73
PAY000108,INV00133,2026-01-17 00:00:00,11852.73
PAY000109,INV00134,2024-11-09 00:00:00,5544.74
PAY000110,INV00135,2023-07-26 00:00:00,9303.57
PAY000111,INV00135,2023-04-13 00:00:00,9303.57
PAY000112,INV00136,2024-11-23 00:00:00,1824.47
PAY000113,INV00137,2025-01-24 00:00:00,3699.8
PAY000114,INV00137,2025-03-31 00:00:00,3699.79
PAY000115,INV00139,2023-10-10 00:00:00,375.98
PAY000116,INV00139,2023-11-23 00:00:00,375.99
PAY000117,INV00142,2025-06-09 00:00:00,11816.92
PAY000118,INV00143,2024-10-15 00:00:00,6189.42
PAY000119,INV00144,2023-07-05 00:00:00,4070.52
PAY000120,INV00145,2025-07-30 00:00:00,1103.66
PAY000121,INV00145,2025-09-08 00:00:00,1103.67
PAY000122,INV00146,2023-09-29 00:00:00,1825.52
PAY000123,INV00150,2023-05-31 00:00:00,5236.75
PAY000124,INV00152,2023-07-06 00:00:00,1262.62
PAY000125,INV00153,2025-06-27 00:00:00,1203.31
PAY000126,INV00153,2025-09-05 00:00:00,1203.31
PAY000127,INV00155,2023-12-20 00:00:00,503.58
PAY000128,INV00155,2024-01-14 00:00:00,503.58
PAY000129,INV00156,2024-10-28 00:00:00,2762.83
PAY000130,INV00158,2025-05-30 00:00:00,7541.36
PAY000131,INV00159,2023-10-19 00:00:00,2093.28
PAY000132,INV00160,2024-07-19 00:00:00,3027.24
PAY000133,INV00160,2024-09-08 00:00:00,3027.23
PAY000134,INV00161,2025-03-29 00:00:00,4291.69
PAY000135,INV00161,2025-02-15 00:00:00,4291.69
PAY000136,INV00162,2023-05-17 00:00:00,1598.4
PAY000137,INV00162,2023-06-28 00:00:00,1598.4
PAY000138,INV00163,2023-11-22 00:00:00,3271.57
PAY000139,INV00165,2023-04-29 00:00:00,8358.44
PAY000140,INV00166,2024-07-21 00:00:00,9451.92
PAY000141,INV00168,2025-07-26 00:00:00,3664.58
PAY000142,INV00169,2023-03-27 00:00:00,11328.4
PAY000143,INV00169,2023-03-16 00:00:00,11328.41
PAY000144,INV00170,2024-04-18 00:00:00,5131.62
PAY000145,INV00171,2025-07-18 00:00:00,9523.84
PAY000146,INV00172,2024-08-03 00:00:00,931.17
PAY000147,INV00172,2024-09-03 00:00:00,931.17
PAY000148,INV00173,2025-04-28 00:00:00,501.38
PAY000149,INV00174,2025-08-14 00:00:00,2852.48
PAY000150,INV00175,2023-02-23 00:00:00,12567.25
PAY000151,INV00176,2025-09-29 00:00:00,10574.34
PAY000152,INV00177,2025-11-27 00:00:00,1294.87
PAY000153,INV00177,2025-12-03 00:00:00,1294.87
PAY000154,INV00178,2025-12-04 00:00:00,5543.1
PAY000155,INV00179,2025-12-17 00:00:00,5610.32
PAY000156,INV00180,2023-06-22 00:00:00,22774.79
PAY000157,INV00181,2025-08-09 00:00:00,4095
PAY000158,INV00183,2025-03-03 00:00:00,7155.01
PAY000159,INV00184,2024-12-04 00:00:00,1292.48
PAY000160,INV00186,2025-01-29 00:00:00,4440.82
PAY000161,INV00187,2024-01-14 00:00:00,2758.49
PAY000162,INV00188,2024-02-25 00:00:00,10429.12
PAY000163,INV00188,2023-12-25 00:00:00,10429.13
PAY000164,INV00190,2025-02-07 00:00:00,18505.68
PAY000165,INV00191,2024-08-29 00:00:00,3380.16
PAY000166,INV00191,2024-09-28 00:00:00,3380.16
PAY000167,INV00193,2025-05-27 00:00:00,12574.08
PAY000168,INV00194,2026-01-06 00:00:00,3924.29
PAY000169,INV00196,2025-05-03 00:00:00,2782.3
PAY000170,INV00197,2023-05-28 00:00:00,2263.97
PAY000171,INV00197,2023-05-26 00:00:00,2263.97
PAY000172,INV00202,2025-08-21 00:00:00,13843.88
PAY000173,INV00203,2023-06-23 00:00:00,4159.3
PAY000174,INV00207,2025-06-23 00:00:00,16597.25
PAY000175,INV00209,2025-03-10 00:00:00,10288.21
PAY000176,INV00210,2024-10-08 00:00:00,1063.31
PAY000177,INV00210,2024-08-31 00:00:00,1063.31
PAY000178,INV00212,2023-06-26 00:00:00,20750.5
PAY000179,INV00213,2025-09-27 00:00:00,5031.01
PAY000180,INV00214,2024-10-03 00:00:00,1147.18
PAY000181,INV00214,2024-12-07 00:00:00,1147.18
PAY000182,INV00215,2024-03-19 00:00:00,14633.01
PAY000183,INV00218,2023-12-07 00:00:00,9196.47
PAY000184,INV00218,2024-01-11 00:00:00,9196.47
PAY000185,INV00223,2025-01-10 00:00:00,971.14
PAY000186,INV00225,2023-02-19 00:00:00,1692.64
PAY000187,INV00225,2023-01-28 00:00:00,1692.65
PAY000188,INV00226,2025-09-28 00:00:00,757.5
PAY000189,INV00226,2025-09-17 00:00:00,757.5
PAY000190,INV00227,2025-07-02 00:00:00,1181.71
PAY000191,INV00229,2023-05-06 00:00:00,2910.28
PAY000192,INV00229,2023-06-23 00:00:00,2910.29
PAY000193,INV00231,2024-07-29 00:00:00,15419.36
PAY000194,INV00232,2025-11-15 00:00:00,24597.4
PAY000195,INV00233,2024-06-14 00:00:00,1715.48
PAY000196,INV00234,2024-01-21 00:00:00,12129.12
PAY000197,INV00235,2023-01-21 00:00:00,1383.16
PAY000198,INV00235,2023-02-28 00:00:00,1383.15
PAY000199,INV00236,2024-03-28 00:00:00,2253.55
PAY000200,INV00237,2024-02-15 00:00:00,866.78
PAY000201,INV00237,2023-11-12 00:00:00,866.78
PAY000202,INV00238,2025-05-01 00:00:00,1792.75
PAY000203,INV00240,2024-07-30 00:00:00,5859.63
PAY000204,INV00241,2024-02-08 00:00:00,6049.78
PAY000205,INV00242,2024-04-03 00:00:00,15542.27
PAY000206,INV00243,2023-02-17 00:00:00,1673.76
PAY000207,INV00243,2023-04-01 00:00:00,1673.75
PAY000208,INV00244,2024-06-22 00:00:00,3663
PAY000209,INV00246,2023-07-21 00:00:00,20677.03
PAY000210,INV00248,2025-08-22 00:00:00,6097.54
PAY000211,INV00251,2023-12-21 00:00:00,5060
PAY000212,INV00252,2024-07-20 00:00:00,8540.4
PAY000213,INV00254,2025-08-31 00:00:00,643.72
PAY000214,INV00254,2025-11-01 00:00:00,643.71
PAY000215,INV00257,2024-12-27 00:00:00,5275.56
PAY000216,INV00258,2023-10-31 00:00:00,2960.18
PAY000217,INV00263,2025-11-16 00:00:00,5874.27
PAY000218,INV00263,2025-11-12 00:00:00,5874.27
PAY000219,INV00264,2024-06-22 00:00:00,7930.5
PAY000220,INV00266,2024-09-02 00:00:00,851.69
PAY000221,INV00266,2024-08-28 00:00:00,851.69
PAY000222,INV00267,2025-09-16 00:00:00,23376.86
PAY000223,INV00269,2023-07-01 00:00:00,13523.52
PAY000224,INV00270,2024-01-10 00:00:00,1300.15
PAY000225,INV00273,2025-09-15 00:00:00,4449.86
PAY000226,INV00274,2024-01-14 00:00:00,8291.02
PAY000227,INV00277,2026-02-06 00:00:00,4502.86
PAY000228,INV00278,2024-01-19 00:00:00,1088.52
PAY000229,INV00279,2025-04-21 00:00:00,4024.82
PAY000230,INV00279,2025-07-01 00:00:00,4024.81
PAY000231,INV00280,2026-01-29 00:00:00,3350.78
PAY000232,INV00282,2025-12-26 00:00:00,11746.4
PAY000233,INV00283,2023-09-24 00:00:00,8356.78
PAY000234,INV00284,2024-06-27 00:00:00,595.42
PAY000235,INV00286,2025-04-30 00:00:00,13991.25
PAY000236,INV00287,2025-10-23 00:00:00,10378.59
PAY000237,INV00288,2025-01-09 00:00:00,5231.07
PAY000238,INV00289,2025-12-10 00:00:00,5114.86
PAY000239,INV00289,2026-01-10 00:00:00,5114.86
PAY000240,INV00291,2023-11-17 00:00:00,4824.86
PAY000241,INV00292,2024-12-15 00:00:00,1688.94
PAY000242,INV00292,2024-12-17 00:00:00,1688.93
PAY000243,INV00293,2023-10-07 00:00:00,1546.96
PAY000244,INV00294,2023-06-10 00:00:00,9194.99
PAY000245,INV00295,2023-09-20 00:00:00,2655.68
PAY000246,INV00295,2023-10-06 00:00:00,2655.68
PAY000247,INV00296,2026-01-01 00:00:00,4264.42
PAY000248,INV00297,2024-06-01 00:00:00,12468.69
PAY000249,INV00299,2025-07-19 00:00:00,1272.98
PAY000250,INV00299,2025-10-14 00:00:00,1272.98
PAY000251,INV00301,2024-05-10 00:00:00,542.74
PAY000252,INV00301,2024-04-18 00:00:00,542.74
PAY000253,INV00302,2023-11-25 00:00:00,15576.68
PAY000254,INV00303,2025-01-28 00:00:00,190.86
PAY000255,INV00303,2025-03-22 00:00:00,190.87
PAY000256,INV00304,2025-08-29 00:00:00,4038.74
PAY000257,INV00304,2025-07-21 00:00:00,4038.74
PAY000258,INV00305,2024-02-03 00:00:00,2310.5
PAY000259,INV00307,2023-06-29 00:00:00,14147.49
PAY000260,INV00310,2024-07-26 00:00:00,9210.71
PAY000261,INV00313,2024-04-02 00:00:00,11105.72
PAY000262,INV00314,2023-08-08 00:00:00,11695.22
PAY000263,INV00315,2023-12-17 00:00:00,5738.08
PAY000264,INV00316,2025-04-18 00:00:00,8033.82
PAY000265,INV00316,2025-04-12 00:00:00,8033.83
PAY000266,INV00317,2024-10-21 00:00:00,3982.65
PAY000267,INV00317,2024-08-25 00:00:00,3982.65
PAY000268,INV00318,2025-11-29 00:00:00,10378.66
PAY000269,INV00320,2025-06-09 00:00:00,6758.35
PAY000270,INV00321,2025-04-10 00:00:00,17097.23
PAY000271,INV00322,2026-01-10 00:00:00,5498.61
PAY000272,INV00323,2026-02-12 00:00:00,13816.24
PAY000273,INV00324,2026-03-25 00:00:00,5174.89
PAY000274,INV00326,2025-12-26 00:00:00,5226.7
PAY000275,INV00327,2025-02-12 00:00:00,3434.32
PAY000276,INV00328,2024-10-26 00:00:00,21194.31
PAY000277,INV00330,2025-05-07 00:00:00,9786.49
PAY000278,INV00331,2024-12-01 00:00:00,11459.5
PAY000279,INV00331,2024-11-03 00:00:00,11459.49
PAY000280,INV00334,2025-10-04 00:00:00,12358.5
PAY000281,INV00335,2024-06-11 00:00:00,6547.67
PAY000282,INV00335,2024-07-13 00:00:00,6547.67
PAY000283,INV00336,2023-03-11 00:00:00,2014.37
PAY000284,INV00338,2025-12-06 00:00:00,4233.84
PAY000285,INV00339,2025-06-16 00:00:00,731.05
PAY000286,INV00341,2024-04-06 00:00:00,492.22
PAY000287,INV00344,2025-03-09 00:00:00,2545.32
PAY000288,INV00345,2023-08-15 00:00:00,4586.27
PAY000289,INV00347,2025-05-30 00:00:00,4235.44
PAY000290,INV00351,2024-02-06 00:00:00,9845.4
PAY000291,INV00351,2023-12-10 00:00:00,9845.4
PAY000292,INV00352,2023-05-19 00:00:00,1753.81
PAY000293,INV00353,2025-08-04 00:00:00,3095.39
PAY000294,INV00353,2025-06-04 00:00:00,3095.39
PAY000295,INV00354,2025-11-29 00:00:00,282.84
PAY000296,INV00354,2025-09-21 00:00:00,282.84
PAY000297,INV00355,2025-12-10 00:00:00,7643.23
PAY000298,INV00355,2025-10-19 00:00:00,7643.23
PAY000299,INV00357,2025-11-02 00:00:00,8678.56
PAY000300,INV00358,2025-11-17 00:00:00,2587.12
PAY000301,INV00359,2026-02-06 00:00:00,11746.99
PAY000302,INV00361,2024-01-11 00:00:00,7878.73
PAY000303,INV00363,2024-07-06 00:00:00,4013.4
PAY000304,INV00364,2024-11-15 00:00:00,10416.17
PAY000305,INV00366,2023-03-14 00:00:00,2212.76
PAY000306,INV00366,2023-04-09 00:00:00,2212.77
PAY000307,INV00368,2025-09-25 00:00:00,10744.55
PAY000308,INV00369,2025-03-22 00:00:00,2381.68
PAY000309,INV00369,2025-04-12 00:00:00,2381.68
PAY000310,INV00372,2024-02-08 00:00:00,10131.05
PAY000311,INV00376,2024-04-30 00:00:00,7630
PAY000312,INV00377,2025-10-13 00:00:00,2246.98
PAY000313,INV00382,2024-01-23 00:00:00,954.69
PAY000314,INV00383,2024-04-08 00:00:00,2314.18
PAY000315,INV00383,2024-02-22 00:00:00,2314.18
PAY000316,INV00385,2024-12-22 00:00:00,5799.59
PAY000317,INV00386,2023-03-10 00:00:00,2695.22
PAY000318,INV00387,2024-03-14 00:00:00,870.12
PAY000319,INV00387,2024-03-08 00:00:00,870.13
PAY000320,INV00388,2025-03-13 00:00:00,1465.1
PAY000321,INV00389,2023-09-13 00:00:00,14561.77
PAY000322,INV00394,2024-03-09 00:00:00,9895.3
PAY000323,INV00395,2024-09-02 00:00:00,6005.7
PAY000324,INV00396,2025-04-17 00:00:00,1486.32
PAY000325,INV00397,2024-01-23 00:00:00,14914.63
PAY000326,INV00398,2023-08-09 00:00:00,2560.82
PAY000327,INV00399,2025-01-19 00:00:00,12179.06
PAY000328,INV00402,2024-11-15 00:00:00,13410.94
PAY000329,INV00404,2024-01-30 00:00:00,5663.49
PAY000330,INV00406,2025-07-03 00:00:00,6985.89
PAY000331,INV00407,2023-09-05 00:00:00,652.14
PAY000332,INV00407,2023-06-28 00:00:00,652.14
PAY000333,INV00409,2023-12-10 00:00:00,20892.91
PAY000334,INV00411,2024-01-01 00:00:00,1498.95
PAY000335,INV00412,2025-09-20 00:00:00,2264.6
PAY000336,INV00412,2025-11-21 00:00:00,2264.6
PAY000337,INV00413,2023-04-13 00:00:00,5131
PAY000338,INV00413,2023-04-01 00:00:00,5130.99
PAY000339,INV00414,2024-08-25 00:00:00,11647.38
PAY000340,INV00414,2024-09-09 00:00:00,11647.38
PAY000341,INV00416,2023-07-07 00:00:00,5763.22
PAY000342,INV00417,2025-08-16 00:00:00,2191.91
PAY000343,INV00417,2025-07-12 00:00:00,2191.9
PAY000344,INV00418,2025-04-24 00:00:00,21831.87
PAY000345,INV00420,2024-06-18 00:00:00,4254.44
PAY000346,INV00421,2023-04-29 00:00:00,9467.74
PAY000347,INV00423,2024-04-01 00:00:00,3141.78
PAY000348,INV00425,2024-08-28 00:00:00,2173.21
PAY000349,INV00425,2024-11-12 00:00:00,2173.21
PAY000350,INV00426,2023-09-14 00:00:00,10167.02
PAY000351,INV00427,2025-01-18 00:00:00,3370.88
PAY000352,INV00427,2025-01-05 00:00:00,3370.89
PAY000353,INV00428,2025-12-23 00:00:00,2226.75
PAY000354,INV00429,2025-07-01 00:00:00,7256.95
PAY000355,INV00432,2024-09-15 00:00:00,533.82
PAY000356,INV00432,2024-09-25 00:00:00,533.82
PAY000357,INV00435,2023-07-18 00:00:00,2336.58
PAY000358,INV00435,2023-06-13 00:00:00,2336.58
PAY000359,INV00438,2023-09-28 00:00:00,472.17
PAY000360,INV00440,2025-01-29 00:00:00,10101.81
PAY000361,INV00441,2024-08-08 00:00:00,17580.51
PAY000362,INV00442,2024-11-16 00:00:00,3929.38
PAY000363,INV00444,2024-12-15 00:00:00,5149.34
PAY000364,INV00445,2024-10-29 00:00:00,11104.56
PAY000365,INV00445,2024-11-10 00:00:00,11104.55
PAY000366,INV00446,2025-06-17 00:00:00,16833.3
PAY000367,INV00448,2025-10-04 00:00:00,1533.71
PAY000368,INV00448,2025-12-06 00:00:00,1533.71
PAY000369,INV00449,2024-11-28 00:00:00,10576.95
PAY000370,INV00450,2025-12-01 00:00:00,3196.51
PAY000371,INV00451,2024-10-10 00:00:00,8486.7
PAY000372,INV00452,2024-08-07 00:00:00,5184.65
PAY000373,INV00453,2024-04-16 00:00:00,8495.38
PAY000374,INV00455,2025-05-10 00:00:00,2556.58
PAY000375,INV00455,2025-06-05 00:00:00,2556.58
PAY000376,INV00457,2024-10-25 00:00:00,4644.95
PAY000377,INV00459,2025-12-01 00:00:00,8473.07
PAY000378,INV00461,2024-02-03 00:00:00,1245.06
PAY000379,INV00462,2024-09-12 00:00:00,18613.69
PAY000380,INV00466,2023-06-02 00:00:00,19948.54
PAY000381,INV00467,2025-04-30 00:00:00,8327.93
PAY000382,INV00468,2024-01-24 00:00:00,3664.07
PAY000383,INV00470,2024-10-26 00:00:00,3795.64
PAY000384,INV00471,2026-01-21 00:00:00,11958.19
PAY000385,INV00472,2024-05-31 00:00:00,15675.05
PAY000386,INV00473,2025-12-24 00:00:00,5287.08
PAY000387,INV00480,2023-07-24 00:00:00,4345.66
PAY000388,INV00481,2023-08-14 00:00:00,10335.09
PAY000389,INV00481,2023-07-24 00:00:00,10335.1
PAY000390,INV00482,2025-04-24 00:00:00,3531.67
PAY000391,INV00482,2025-03-07 00:00:00,3531.67
PAY000392,INV00483,2023-03-22 00:00:00,19598.16
PAY000393,INV00484,2026-01-15 00:00:00,672.68
PAY000394,INV00486,2023-04-10 00:00:00,1112.55
PAY000395,INV00488,2025-03-11 00:00:00,12401.54
PAY000396,INV00490,2024-11-01 00:00:00,5652.8
PAY000397,INV00493,2025-01-09 00:00:00,10853.14
PAY000398,INV00493,2024-12-20 00:00:00,10853.14
PAY000399,INV00495,2023-11-18 00:00:00,1792.95
PAY000400,INV00496,2026-01-30 00:00:00,18366.91
PAY000401,INV00497,2024-03-02 00:00:00,17009.05
PAY000402,INV00498,2023-08-28 00:00:00,10624.37
PAY000403,INV00498,2023-08-30 00:00:00,10624.37
PAY000404,INV00499,2024-11-19 00:00:00,8446.07
PAY000405,INV00501,2025-01-22 00:00:00,15058.92
PAY000406,INV00502,2025-01-07 00:00:00,7638.59
PAY000407,INV00503,2023-05-07 00:00:00,4305.51
PAY000408,INV00503,2023-06-19 00:00:00,4305.51
PAY000409,INV00505,2026-02-19 00:00:00,5506.02
PAY000410,INV00506,2024-11-14 00:00:00,3630.06
PAY000411,INV00506,2024-12-24 00:00:00,3630.05
PAY000412,INV00507,2025-10-20 00:00:00,9665.12
PAY000413,INV00507,2025-10-24 00:00:00,9665.12
PAY000414,INV00508,2024-07-23 00:00:00,755.46
PAY000415,INV00508,2024-07-30 00:00:00,755.46
PAY000416,INV00510,2024-01-20 00:00:00,1554.16
PAY000417,INV00511,2025-01-13 00:00:00,15820.59
PAY000418,INV00512,2025-01-17 00:00:00,14102.56
PAY000419,INV00513,2024-03-14 00:00:00,732.31
PAY000420,INV00513,2024-04-26 00:00:00,732.31
PAY000421,INV00515,2023-12-26 00:00:00,927.22
PAY000422,INV00516,2023-06-25 00:00:00,3836.73
PAY000423,INV00517,2024-05-30 00:00:00,21311.44
PAY000424,INV00518,2025-12-26 00:00:00,400.6
PAY000425,INV00518,2025-09-17 00:00:00,400.61
PAY000426,INV00520,2025-03-23 00:00:00,2215.58
PAY000427,INV00520,2025-03-27 00:00:00,2215.58
PAY000428,INV00522,2025-04-02 00:00:00,11628.53
PAY000429,INV00522,2025-06-03 00:00:00,11628.53
PAY000430,INV00523,2024-07-12 00:00:00,2158.32
PAY000431,INV00524,2025-04-17 00:00:00,2975.19
PAY000432,INV00525,2024-06-11 00:00:00,208.8
PAY000433,INV00526,2024-05-05 00:00:00,624.79
PAY000434,INV00526,2024-08-16 00:00:00,624.79
PAY000435,INV00527,2023-05-30 00:00:00,3417.74
PAY000436,INV00528,2025-04-29 00:00:00,443.4
PAY000437,INV00528,2025-02-19 00:00:00,443.39
PAY000438,INV00532,2025-05-12 00:00:00,1194.71
PAY000439,INV00532,2025-04-08 00:00:00,1194.72
PAY000440,INV00534,2024-04-16 00:00:00,8381.85
PAY000441,INV00535,2025-05-03 00:00:00,24149.92
PAY000442,INV00536,2024-01-23 00:00:00,867.6
PAY000443,INV00536,2024-02-20 00:00:00,867.61
PAY000444,INV00537,2023-10-31 00:00:00,2789.3
PAY000445,INV00537,2023-10-19 00:00:00,2789.3
PAY000446,INV00538,2024-04-05 00:00:00,1829.2
PAY000447,INV00538,2024-04-27 00:00:00,1829.2
PAY000448,INV00540,2024-02-03 00:00:00,6378.41
PAY000449,INV00541,2023-11-14 00:00:00,1100.08
PAY000450,INV00541,2023-11-22 00:00:00,1100.08
PAY000451,INV00543,2023-04-14 00:00:00,3805.58
PAY000452,INV00544,2024-08-30 00:00:00,4426.74
PAY000453,INV00544,2024-10-02 00:00:00,4426.75
PAY000454,INV00545,2023-03-08 00:00:00,22973.07
PAY000455,INV00547,2024-11-11 00:00:00,1002.6
PAY000456,INV00547,2024-09-13 00:00:00,1002.6
PAY000457,INV00550,2025-11-28 00:00:00,13374.02
PAY000458,INV00551,2025-10-30 00:00:00,17596.9
PAY000459,INV00552,2023-07-02 00:00:00,16917.35
PAY000460,INV00554,2024-10-11 00:00:00,17070.85
PAY000461,INV00555,2025-07-12 00:00:00,4287.75
PAY000462,INV00557,2025-09-29 00:00:00,3873.84
PAY000463,INV00559,2025-06-10 00:00:00,5372.17
PAY000464,INV00560,2023-09-16 00:00:00,2919.17
PAY000465,INV00565,2024-01-24 00:00:00,9177.53
PAY000466,INV00566,2025-06-16 00:00:00,8426.5
PAY000467,INV00569,2025-09-18 00:00:00,4448.46
PAY000468,INV00570,2024-05-02 00:00:00,1898.56
PAY000469,INV00570,2024-07-01 00:00:00,1898.56
PAY000470,INV00573,2024-05-03 00:00:00,5750.18
PAY000471,INV00573,2024-07-07 00:00:00,5750.19
PAY000472,INV00576,2025-10-15 00:00:00,7762.25
PAY000473,INV00577,2024-08-01 00:00:00,9179.5
PAY000474,INV00578,2025-12-31 00:00:00,4901.4
PAY000475,INV00578,2025-12-22 00:00:00,4901.4
PAY000476,INV00579,2023-05-22 00:00:00,2547.27
PAY000477,INV00580,2023-05-25 00:00:00,250.38
PAY000478,INV00582,2025-05-29 00:00:00,1154.58
PAY000479,INV00582,2025-05-04 00:00:00,1154.57
PAY000480,INV00585,2024-04-09 00:00:00,6868.67
PAY000481,INV00586,2024-12-28 00:00:00,10676.6
PAY000482,INV00586,2025-02-17 00:00:00,10676.59
PAY000483,INV00587,2023-03-11 00:00:00,23961.98
PAY000484,INV00588,2023-10-25 00:00:00,7180.38
PAY000485,INV00591,2024-05-26 00:00:00,6973.69
PAY000486,INV00591,2024-07-24 00:00:00,6973.69
PAY000487,INV00592,2023-12-26 00:00:00,4904.74
PAY000488,INV00593,2025-12-21 00:00:00,3843.7
PAY000489,INV00593,2026-01-10 00:00:00,3843.7
PAY000490,INV00594,2025-05-10 00:00:00,7517.85
PAY000491,INV00595,2023-12-26 00:00:00,4790.5
PAY000492,INV00596,2025-01-05 00:00:00,2826.65
PAY000493,INV00598,2024-12-18 00:00:00,1075.42
PAY000494,INV00598,2025-02-25 00:00:00,1075.43
PAY000495,INV00599,2025-12-23 00:00:00,2416.99
PAY000496,INV00599,2026-04-11 00:00:00,2416.99
PAY000497,INV00601,2025-10-01 00:00:00,2845.14
PAY000498,INV00601,2025-10-26 00:00:00,2845.13
PAY000499,INV00603,2023-09-03 00:00:00,21903.65
PAY000500,INV00605,2025-06-15 00:00:00,3694.12
PAY000501,INV00605,2025-08-17 00:00:00,3694.13
PAY000502,INV00607,2024-03-07 00:00:00,3191.27
PAY000503,INV00607,2024-04-08 00:00:00,3191.27
PAY000504,INV00610,2025-04-23 00:00:00,4244.11
PAY000505,INV00611,2023-07-13 00:00:00,17213.7
PAY000506,INV00614,2024-03-23 00:00:00,11995.28
PAY000507,INV00615,2023-08-28 00:00:00,911
PAY000508,INV00615,2023-07-18 00:00:00,910.99
PAY000509,INV00616,2024-03-25 00:00:00,14673.07
PAY000510,INV00618,2025-05-23 00:00:00,8832.49
PAY000511,INV00621,2023-07-17 00:00:00,6374.5
PAY000512,INV00622,2023-05-02 00:00:00,4597.78
PAY000513,INV00622,2023-06-10 00:00:00,4597.78
PAY000514,INV00623,2025-10-11 00:00:00,5876.15
PAY000515,INV00623,2025-09-13 00:00:00,5876.15
PAY000516,INV00625,2024-12-12 00:00:00,141.18
PAY000517,INV00625,2024-11-18 00:00:00,141.17
PAY000518,INV00626,2024-07-26 00:00:00,1867.82
PAY000519,INV00627,2024-03-01 00:00:00,11354.33
PAY000520,INV00630,2025-04-15 00:00:00,663.5
PAY000521,INV00630,2025-05-07 00:00:00,663.5
PAY000522,INV00631,2024-11-04 00:00:00,893.99
PAY000523,INV00631,2024-11-06 00:00:00,893.99
PAY000524,INV00633,2025-06-24 00:00:00,3147.09
PAY000525,INV00635,2026-01-22 00:00:00,14846.31
PAY000526,INV00637,2023-10-04 00:00:00,1303.9
PAY000527,INV00638,2024-06-27 00:00:00,1897.16
PAY000528,INV00640,2023-09-12 00:00:00,14846.9
PAY000529,INV00641,2025-01-14 00:00:00,3459.11
PAY000530,INV00642,2023-07-19 00:00:00,6226.65
PAY000531,INV00643,2024-06-23 00:00:00,8062.74
PAY000532,INV00650,2023-09-18 00:00:00,3883.53
PAY000533,INV00651,2024-10-24 00:00:00,8437.28
PAY000534,INV00651,2024-10-15 00:00:00,8437.28
PAY000535,INV00654,2024-09-20 00:00:00,9195.22
PAY000536,INV00658,2023-02-27 00:00:00,2576.72
PAY000537,INV00658,2023-03-04 00:00:00,2576.72
PAY000538,INV00659,2024-09-26 00:00:00,17692.59
PAY000539,INV00660,2024-03-09 00:00:00,3533.34
PAY000540,INV00661,2024-10-31 00:00:00,4643.12
PAY000541,INV00662,2023-06-07 00:00:00,11413.9
PAY000542,INV00663,2023-09-02 00:00:00,253.22
PAY000543,INV00663,2023-08-31 00:00:00,253.22
PAY000544,INV00664,2023-02-02 00:00:00,4118.22
PAY000545,INV00665,2024-02-07 00:00:00,473.4
PAY000546,INV00665,2024-04-30 00:00:00,473.4
PAY000547,INV00668,2024-07-30 00:00:00,2154.53
PAY000548,INV00669,2023-05-19 00:00:00,17053.74
PAY000549,INV00670,2025-11-22 00:00:00,2550.11
PAY000550,INV00670,2026-01-02 00:00:00,2550.12
PAY000551,INV00671,2023-10-23 00:00:00,19028.22
PAY000552,INV00672,2023-10-19 00:00:00,11627.5
PAY000553,INV00674,2025-04-08 00:00:00,11700.44
PAY000554,INV00675,2025-02-18 00:00:00,3323.27
PAY000555,INV00676,2025-05-15 00:00:00,3450.96
PAY000556,INV00677,2025-02-21 00:00:00,7410.66
PAY000557,INV00677,2025-04-02 00:00:00,7410.65
PAY000558,INV00678,2025-03-08 00:00:00,12124.19
PAY000559,INV00680,2025-09-12 00:00:00,1514.93
PAY000560,INV00682,2025-09-01 00:00:00,4835.75
PAY000561,INV00682,2025-09-19 00:00:00,4835.75
PAY000562,INV00683,2025-05-29 00:00:00,4467.11
PAY000563,INV00684,2024-06-18 00:00:00,4155.88
PAY000564,INV00685,2024-11-09 00:00:00,12472.43
PAY000565,INV00686,2025-10-28 00:00:00,2891.9
PAY000566,INV00687,2024-06-22 00:00:00,1148.86
PAY000567,INV00687,2024-06-12 00:00:00,1148.85
PAY000568,INV00689,2023-07-13 00:00:00,2490.81
PAY000569,INV00690,2025-11-16 00:00:00,22140.2
PAY000570,INV00691,2025-05-25 00:00:00,10663.23
PAY000571,INV00693,2023-04-18 00:00:00,8331.2
PAY000572,INV00693,2023-04-15 00:00:00,8331.21
PAY000573,INV00694,2024-02-28 00:00:00,8497.36
PAY000574,INV00698,2023-11-09 00:00:00,23542.35
PAY000575,INV00699,2023-12-11 00:00:00,8197.38
PAY000576,INV00700,2024-03-06 00:00:00,17915.15
PAY000577,INV00702,2024-04-21 00:00:00,9147.53
PAY000578,INV00704,2024-07-01 00:00:00,1844.07
PAY000579,INV00704,2024-09-26 00:00:00,1844.07
PAY000580,INV00705,2024-10-17 00:00:00,5167.9
PAY000581,INV00707,2025-06-07 00:00:00,3607.19
PAY000582,INV00709,2024-07-31 00:00:00,2242.59
PAY000583,INV00710,2023-06-08 00:00:00,4622.99
PAY000584,INV00711,2025-10-22 00:00:00,2808.18
PAY000585,INV00714,2025-10-23 00:00:00,15083.13
PAY000586,INV00716,2025-10-05 00:00:00,14636.05
PAY000587,INV00717,2024-05-08 00:00:00,4482.14
PAY000588,INV00717,2024-05-18 00:00:00,4482.14
PAY000589,INV00720,2025-05-24 00:00:00,1221.18
PAY000590,INV00721,2023-09-10 00:00:00,14363.34
PAY000591,INV00722,2023-11-17 00:00:00,11373.22
PAY000592,INV00722,2023-08-28 00:00:00,11373.23
PAY000593,INV00723,2024-03-02 00:00:00,2552.42
PAY000594,INV00723,2024-02-12 00:00:00,2552.41
PAY000595,INV00724,2023-06-30 00:00:00,5819.98
PAY000596,INV00726,2025-03-09 00:00:00,4210.42
PAY000597,INV00727,2024-04-18 00:00:00,11102.9
PAY000598,INV00732,2025-04-30 00:00:00,14872.29
PAY000599,INV00733,2023-07-21 00:00:00,5199.19
PAY000600,INV00736,2024-06-19 00:00:00,15937.28
PAY000601,INV00737,2024-08-09 00:00:00,10401
PAY000602,INV00738,2025-02-27 00:00:00,4923.75
PAY000603,INV00740,2025-10-08 00:00:00,23551.56
PAY000604,INV00741,2023-08-17 00:00:00,3546.47
PAY000605,INV00746,2025-05-24 00:00:00,743.5
PAY000606,INV00747,2024-04-29 00:00:00,10432.86
PAY000607,INV00748,2024-12-03 00:00:00,3287.24
PAY000608,INV00749,2023-05-06 00:00:00,14725.81
PAY000609,INV00750,2025-08-03 00:00:00,5857.62
PAY000610,INV00751,2023-07-27 00:00:00,12727.6
PAY000611,INV00752,2023-02-14 00:00:00,4609.24
PAY000612,INV00752,2023-04-03 00:00:00,4609.24
PAY000613,INV00754,2025-03-25 00:00:00,5947.01
PAY000614,INV00755,2025-10-23 00:00:00,520.31
PAY000615,INV00757,2025-10-29 00:00:00,652.56
PAY000616,INV00758,2024-12-13 00:00:00,10226.24
PAY000617,INV00759,2023-12-19 00:00:00,3684.1
PAY000618,INV00759,2024-01-19 00:00:00,3684.1
PAY000619,INV00760,2023-12-15 00:00:00,934.6
PAY000620,INV00761,2025-01-01 00:00:00,5638.23
PAY000621,INV00761,2025-01-10 00:00:00,5638.23
PAY000622,INV00762,2024-12-16 00:00:00,4069.24
PAY000623,INV00763,2023-11-17 00:00:00,7374.99
PAY000624,INV00764,2023-08-18 00:00:00,918.42
PAY000625,INV00765,2023-11-25 00:00:00,15186.8
PAY000626,INV00766,2024-10-22 00:00:00,5652.22
PAY000627,INV00767,2024-12-24 00:00:00,4944.39
PAY000628,INV00768,2023-10-23 00:00:00,2900.08
PAY000629,INV00769,2024-09-19 00:00:00,2835.78
PAY000630,INV00773,2023-09-19 00:00:00,14906.01
PAY000631,INV00776,2023-11-04 00:00:00,10567.37
PAY000632,INV00778,2026-01-28 00:00:00,7985.37
PAY000633,INV00780,2023-11-30 00:00:00,15164.79
PAY000634,INV00781,2024-06-21 00:00:00,10646.46
PAY000635,INV00782,2024-12-10 00:00:00,23969.67
PAY000636,INV00783,2024-08-20 00:00:00,3439.32
PAY000637,INV00784,2025-01-04 00:00:00,11493.52
PAY000638,INV00788,2026-01-13 00:00:00,2514.27
PAY000639,INV00789,2023-07-10 00:00:00,489.97
PAY000640,INV00790,2023-07-26 00:00:00,7653.4
PAY000641,INV00792,2023-08-27 00:00:00,3330.83
PAY000642,INV00793,2024-06-20 00:00:00,4541.95
PAY000643,INV00794,2024-05-31 00:00:00,4207.45
PAY000644,INV00795,2025-08-30 00:00:00,1846.94
PAY000645,INV00797,2025-11-04 00:00:00,2251.24
PAY000646,INV00797,2025-11-06 00:00:00,2251.25
PAY000647,INV00798,2024-01-24 00:00:00,2509.62
PAY000648,INV00801,2026-01-31 00:00:00,876.59
PAY000649,INV00802,2025-10-30 00:00:00,10245.94
PAY000650,INV00803,2023-04-30 00:00:00,3259.21
PAY000651,INV00805,2024-09-09 00:00:00,9878.21
PAY000652,INV00806,2025-08-15 00:00:00,10529.54
PAY000653,INV00807,2024-11-19 00:00:00,507.56
PAY000654,INV00807,2024-11-17 00:00:00,507.56
PAY000655,INV00808,2023-11-02 00:00:00,1611.2
PAY000656,INV00808,2023-09-16 00:00:00,1611.19
PAY000657,INV00810,2024-02-17 00:00:00,560.83
PAY000658,INV00810,2024-02-07 00:00:00,560.83
PAY000659,INV00811,2024-10-30 00:00:00,1819.96
PAY000660,INV00811,2024-08-30 00:00:00,1819.97
PAY000661,INV00812,2026-02-18 00:00:00,14367.45
PAY000662,INV00813,2023-09-30 00:00:00,5502.96
PAY000663,INV00814,2026-01-07 00:00:00,1770.99
PAY000664,INV00814,2025-11-26 00:00:00,1770.99
PAY000665,INV00815,2025-12-05 00:00:00,6003.72
PAY000666,INV00815,2026-01-30 00:00:00,6003.72
PAY000667,INV00816,2024-08-27 00:00:00,1693.02
PAY000668,INV00817,2026-01-20 00:00:00,1450.6
PAY000669,INV00817,2025-12-31 00:00:00,1450.59
PAY000670,INV00818,2026-01-14 00:00:00,197.45
PAY000671,INV00818,2026-02-26 00:00:00,197.45
PAY000672,INV00819,2025-01-10 00:00:00,1889.73
PAY000673,INV00819,2025-01-04 00:00:00,1889.73
PAY000674,INV00820,2023-07-24 00:00:00,6880.56
PAY000675,INV00821,2026-02-01 00:00:00,4079.13
PAY000676,INV00823,2026-02-03 00:00:00,5919.07
PAY000677,INV00825,2025-06-21 00:00:00,7767.01
PAY000678,INV00827,2024-05-11 00:00:00,2331.11
PAY000679,INV00827,2024-04-27 00:00:00,2331.12
PAY000680,INV00828,2023-10-10 00:00:00,1805.07
PAY000681,INV00829,2023-06-05 00:00:00,1760.22
PAY000682,INV00830,2025-09-21 00:00:00,6602.38
PAY000683,INV00832,2026-03-17 00:00:00,2318.6
PAY000684,INV00834,2025-11-26 00:00:00,4316.42
PAY000685,INV00834,2026-02-18 00:00:00,4316.43
PAY000686,INV00835,2023-12-12 00:00:00,2968.76
PAY000687,INV00835,2023-12-10 00:00:00,2968.75
PAY000688,INV00836,2024-10-19 00:00:00,1497.24
PAY000689,INV00836,2024-09-02 00:00:00,1497.24
PAY000690,INV00839,2024-03-24 00:00:00,297.57
PAY000691,INV00839,2024-02-05 00:00:00,297.57
PAY000692,INV00840,2025-01-31 00:00:00,602.59
PAY000693,INV00841,2026-02-12 00:00:00,6347.12
PAY000694,INV00841,2026-02-09 00:00:00,6347.11
PAY000695,INV00842,2024-07-26 00:00:00,4056.14
PAY000696,INV00843,2025-09-02 00:00:00,2641.08
PAY000697,INV00843,2025-09-09 00:00:00,2641.08
PAY000698,INV00845,2024-07-27 00:00:00,10678.35
PAY000699,INV00846,2023-08-23 00:00:00,272.03
PAY000700,INV00846,2023-07-23 00:00:00,272.03
PAY000701,INV00848,2023-07-08 00:00:00,2419.26
PAY000702,INV00850,2025-08-15 00:00:00,23939.65
PAY000703,INV00852,2024-05-14 00:00:00,9176.04
PAY000704,INV00854,2024-09-09 00:00:00,7599.08
PAY000705,INV00855,2025-10-19 00:00:00,2364.24
PAY000706,INV00855,2025-11-12 00:00:00,2364.24
PAY000707,INV00856,2025-10-17 00:00:00,1437.83
PAY000708,INV00857,2025-07-22 00:00:00,2443.14
PAY000709,INV00858,2023-03-06 00:00:00,20039.09
PAY000710,INV00862,2023-08-11 00:00:00,23099.64
PAY000711,INV00863,2024-08-22 00:00:00,285.25
PAY000712,INV00863,2024-07-28 00:00:00,285.25
PAY000713,INV00864,2025-06-04 00:00:00,5531.04
PAY000714,INV00865,2025-05-30 00:00:00,2268.37
PAY000715,INV00865,2025-04-24 00:00:00,2268.37
PAY000716,INV00869,2026-01-26 00:00:00,2740.06
PAY000717,INV00869,2026-01-25 00:00:00,2740.07
PAY000718,INV00872,2023-10-02 00:00:00,10283.65
PAY000719,INV00873,2025-01-04 00:00:00,10536.99
PAY000720,INV00877,2023-05-29 00:00:00,4343.86
PAY000721,INV00878,2023-05-06 00:00:00,18406.32
PAY000722,INV00881,2025-05-23 00:00:00,15674.24
PAY000723,INV00882,2024-08-11 00:00:00,5050.52
PAY000724,INV00882,2024-06-26 00:00:00,5050.51
PAY000725,INV00884,2023-05-06 00:00:00,980.31
PAY000726,INV00886,2023-09-24 00:00:00,982.42
PAY000727,INV00887,2025-03-21 00:00:00,8015.66
PAY000728,INV00888,2024-11-07 00:00:00,13940.42
PAY000729,INV00889,2025-05-15 00:00:00,2591.78
PAY000730,INV00890,2024-09-12 00:00:00,13230.49
PAY000731,INV00891,2025-10-11 00:00:00,6228.72
PAY000732,INV00892,2024-11-09 00:00:00,2859.62
PAY000733,INV00893,2023-05-20 00:00:00,4262.17
PAY000734,INV00894,2025-08-04 00:00:00,5101.01
PAY000735,INV00894,2025-09-03 00:00:00,5101.01
PAY000736,INV00895,2024-12-16 00:00:00,3758.74
PAY000737,INV00897,2024-02-01 00:00:00,23757.19
PAY000738,INV00898,2025-01-08 00:00:00,22050.24
PAY000739,INV00899,2025-01-20 00:00:00,17041.9
PAY000740,INV00901,2025-10-21 00:00:00,5603.73
PAY000741,INV00902,2025-01-24 00:00:00,4604.13
PAY000742,INV00902,2025-01-13 00:00:00,4604.13
PAY000743,INV00904,2024-11-17 00:00:00,12353.16
PAY000744,INV00907,2023-09-04 00:00:00,3761.91
PAY000745,INV00907,2023-07-23 00:00:00,3761.91
PAY000746,INV00908,2025-11-26 00:00:00,7301.02
PAY000747,INV00909,2024-08-12 00:00:00,2227.86
PAY000748,INV00911,2025-10-24 00:00:00,7030.03
PAY000749,INV00911,2025-08-06 00:00:00,7030.03
PAY000750,INV00915,2025-08-20 00:00:00,279.35
PAY000751,INV00915,2025-07-09 00:00:00,279.34
PAY000752,INV00916,2023-09-04 00:00:00,4596.69
PAY000753,INV00916,2023-08-19 00:00:00,4596.69
PAY000754,INV00917,2023-12-08 00:00:00,9807.6
PAY000755,INV00918,2024-11-09 00:00:00,14315.38
PAY000756,INV00920,2023-09-18 00:00:00,4381.58
PAY000757,INV00920,2023-11-02 00:00:00,4381.59
PAY000758,INV00921,2024-08-29 00:00:00,3600.27
PAY000759,INV00922,2025-05-03 00:00:00,2501
PAY000760,INV00922,2025-07-06 00:00:00,2500.99
PAY000761,INV00924,2023-10-25 00:00:00,3861.91
PAY000762,INV00924,2023-10-26 00:00:00,3861.91
PAY000763,INV00925,2025-06-15 00:00:00,6230.18
PAY000764,INV00926,2023-08-21 00:00:00,1411.11
PAY000765,INV00926,2023-07-20 00:00:00,1411.11
PAY000766,INV00927,2025-01-04 00:00:00,1725.66
PAY000767,INV00929,2024-12-02 00:00:00,3795.71
PAY000768,INV00929,2024-12-23 00:00:00,3795.71
PAY000769,INV00931,2025-10-26 00:00:00,3780.26
PAY000770,INV00931,2025-10-09 00:00:00,3780.26
PAY000771,INV00932,2023-09-21 00:00:00,164.6
PAY000772,INV00932,2023-07-30 00:00:00,164.59
PAY000773,INV00934,2025-07-13 00:00:00,7497.84
PAY000774,INV00935,2023-07-20 00:00:00,4624.48
PAY000775,INV00935,2023-07-05 00:00:00,4624.47
PAY000776,INV00937,2024-01-03 00:00:00,7414.14
PAY000777,INV00939,2025-10-17 00:00:00,4773.03
PAY000778,INV00940,2024-01-01 00:00:00,6027.7
PAY000779,INV00940,2024-02-16 00:00:00,6027.71
PAY000780,INV00941,2024-03-30 00:00:00,2739.84
PAY000781,INV00942,2025-06-16 00:00:00,3957.3
PAY000782,INV00942,2025-05-13 00:00:00,3957.3
PAY000783,INV00943,2024-03-16 00:00:00,3497.01
PAY000784,INV00944,2024-06-21 00:00:00,7860.34
PAY000785,INV00946,2023-07-06 00:00:00,5616.52
PAY000786,INV00946,2023-06-30 00:00:00,5616.52
PAY000787,INV00947,2024-10-10 00:00:00,2654.6
PAY000788,INV00949,2024-08-17 00:00:00,5402.7
PAY000789,INV00950,2026-01-14 00:00:00,7319.68
PAY000790,INV00950,2025-10-30 00:00:00,7319.69
PAY000791,INV00951,2023-12-02 00:00:00,11160.56
PAY000792,INV00951,2023-12-09 00:00:00,11160.57
PAY000793,INV00955,2024-11-26 00:00:00,18871.57
PAY000794,INV00957,2023-04-28 00:00:00,10887.76
PAY000795,INV00959,2023-06-04 00:00:00,3542.77
PAY000796,INV00960,2024-05-23 00:00:00,1341.7
PAY000797,INV00961,2023-08-08 00:00:00,2455.5
PAY000798,INV00961,2023-09-29 00:00:00,2455.5
PAY000799,INV00963,2025-09-13 00:00:00,7050.39
PAY000800,INV00965,2024-10-21 00:00:00,8211.93
PAY000801,INV00966,2025-05-09 00:00:00,7788.9
PAY000802,INV00966,2025-07-01 00:00:00,7788.91
PAY000803,INV00968,2023-04-30 00:00:00,2650.81
PAY000804,INV00969,2026-02-19 00:00:00,2354.91
PAY000805,INV00971,2025-06-18 00:00:00,1435.72
PAY000806,INV00973,2024-05-30 00:00:00,3865.37
PAY000807,INV00973,2024-03-30 00:00:00,3865.37
PAY000808,INV00974,2024-11-26 00:00:00,15293.04
PAY000809,INV00976,2024-02-13 00:00:00,8204.89
PAY000810,INV00977,2024-10-17 00:00:00,8443.74
PAY000811,INV00977,2024-10-23 00:00:00,8443.74
PAY000812,INV00978,2024-10-25 00:00:00,20067.07
PAY000813,INV00979,2023-09-06 00:00:00,11676.22
PAY000814,INV00980,2024-09-06 00:00:00,496.69
PAY000815,INV00980,2024-10-12 00:00:00,496.69
PAY000816,INV00981,2025-08-29 00:00:00,2133.85
PAY000817,INV00982,2023-04-27 00:00:00,2776.4
PAY000818,INV00982,2023-02-17 00:00:00,2776.4
PAY000819,INV00983,2024-04-16 00:00:00,5866.85
PAY000820,INV00983,2024-05-04 00:00:00,5866.85
PAY000821,INV00984,2023-10-15 00:00:00,3583.12
PAY000822,INV00985,2024-08-27 00:00:00,2093.02
PAY000823,INV00985,2024-08-27 00:00:00,2093.02
PAY000824,INV00986,2024-04-04 00:00:00,4284.28
PAY000825,INV00987,2026-01-19 00:00:00,23327.64
PAY000826,INV00988,2025-08-11 00:00:00,24925.26
PAY000827,INV00989,2023-09-12 00:00:00,2267.98
PAY000828,INV00989,2023-10-24 00:00:00,2267.98
PAY000829,INV00991,2025-02-18 00:00:00,2756.74
PAY000830,INV00991,2025-05-06 00:00:00,2756.74
PAY000831,INV00992,2023-10-16 00:00:00,852.96
PAY000832,INV00994,2024-10-29 00:00:00,16864.46
PAY000833,INV00995,2024-09-30 00:00:00,1694.17
PAY000834,INV00999,2023-03-08 00:00:00,12751.43
PAY000835,INV01002,2024-06-21 00:00:00,4768
PAY000836,INV01006,2023-10-25 00:00:00,1409.35
PAY000837,INV01006,2023-10-29 00:00:00,1409.35
PAY000838,INV01007,2025-03-03 00:00:00,12212.88
PAY000839,INV01008,2025-02-14 00:00:00,4079.32
PAY000840,INV01009,2024-11-17 00:00:00,5849.08
PAY000841,INV01010,2024-05-10 00:00:00,3966.48
PAY000842,INV01010,2024-03-18 00:00:00,3966.47
PAY000843,INV01011,2025-02-16 00:00:00,4914.08
PAY000844,INV01014,2024-08-22 00:00:00,6039.54
PAY000845,INV01015,2023-10-18 00:00:00,3803.29
PAY000846,INV01015,2023-10-02 00:00:00,3803.29
PAY000847,INV01017,2024-06-10 00:00:00,12717.65
PAY000848,INV01019,2023-10-02 00:00:00,3647.24
PAY000849,INV01020,2024-08-01 00:00:00,4175.28
PAY000850,INV01022,2024-10-29 00:00:00,2037.16
PAY000851,INV01022,2024-10-16 00:00:00,2037.16
PAY000852,INV01024,2024-07-21 00:00:00,6115.45
PAY000853,INV01024,2024-10-25 00:00:00,6115.45
PAY000854,INV01026,2024-10-06 00:00:00,6189.5
PAY000855,INV01028,2024-06-23 00:00:00,7094.46
PAY000856,INV01029,2024-04-17 00:00:00,670.81
PAY000857,INV01029,2024-03-12 00:00:00,670.81
PAY000858,INV01030,2025-05-22 00:00:00,14769.74
PAY000859,INV01032,2024-04-30 00:00:00,9570.69
PAY000860,INV01035,2023-12-30 00:00:00,5307.51
PAY000861,INV01038,2025-09-19 00:00:00,9728.57
PAY000862,INV01039,2023-10-25 00:00:00,8811.4
PAY000863,INV01040,2025-11-21 00:00:00,507.39
PAY000864,INV01041,2026-01-02 00:00:00,12411.25
PAY000865,INV01042,2024-12-26 00:00:00,792.71
PAY000866,INV01042,2024-11-08 00:00:00,792.71
PAY000867,INV01044,2025-01-11 00:00:00,3099.41
PAY000868,INV01044,2024-12-11 00:00:00,3099.41
PAY000869,INV01045,2024-10-10 00:00:00,10158.12
PAY000870,INV01046,2023-12-23 00:00:00,10974.74
PAY000871,INV01046,2023-11-26 00:00:00,10974.73
PAY000872,INV01048,2025-10-14 00:00:00,10769.05
PAY000873,INV01052,2025-06-17 00:00:00,17412.91
PAY000874,INV01053,2026-02-24 00:00:00,11826.54
PAY000875,INV01053,2026-01-08 00:00:00,11826.55
PAY000876,INV01054,2024-10-08 00:00:00,12916.68
PAY000877,INV01055,2025-10-22 00:00:00,2156.15
PAY000878,INV01055,2026-01-11 00:00:00,2156.15
PAY000879,INV01059,2023-12-12 00:00:00,859.71
PAY000880,INV01060,2023-08-08 00:00:00,6109.18
PAY000881,INV01061,2024-01-11 00:00:00,10079.35
PAY000882,INV01065,2024-10-24 00:00:00,2139.04
PAY000883,INV01066,2023-10-02 00:00:00,16726.69
PAY000884,INV01067,2025-03-05 00:00:00,9459.86
PAY000885,INV01068,2023-11-16 00:00:00,10196.34
PAY000886,INV01068,2023-10-28 00:00:00,10196.34
PAY000887,INV01069,2024-12-16 00:00:00,5917.72
PAY000888,INV01070,2023-11-19 00:00:00,2041.63
PAY000889,INV01072,2024-05-17 00:00:00,3726.33
PAY000890,INV01073,2025-03-15 00:00:00,13330.12
PAY000891,INV01075,2024-11-27 00:00:00,8552.11
PAY000892,INV01076,2024-06-01 00:00:00,835.22
PAY000893,INV01076,2024-05-27 00:00:00,835.21
PAY000894,INV01077,2025-11-01 00:00:00,10944.78
PAY000895,INV01078,2023-08-09 00:00:00,4637.03
PAY000896,INV01079,2023-10-03 00:00:00,907.02
PAY000897,INV01080,2025-09-26 00:00:00,9038.94
PAY000898,INV01085,2023-12-21 00:00:00,15744.62
PAY000899,INV01086,2025-10-13 00:00:00,10461.22
PAY000900,INV01088,2025-08-28 00:00:00,9074.7
PAY000901,INV01088,2025-07-05 00:00:00,9074.71
PAY000902,INV01092,2025-06-06 00:00:00,5200.84
PAY000903,INV01094,2023-12-16 00:00:00,4470.01
PAY000904,INV01095,2025-03-25 00:00:00,770.58
PAY000905,INV01096,2025-07-14 00:00:00,21051.92
PAY000906,INV01100,2025-08-26 00:00:00,5510.59
PAY000907,INV01100,2025-09-14 00:00:00,5510.59
PAY000908,INV01102,2023-07-14 00:00:00,1629.24
PAY000909,INV01102,2023-08-22 00:00:00,1629.23
PAY000910,INV01103,2026-02-19 00:00:00,5245.28
PAY000911,INV01104,2024-05-17 00:00:00,5554.08
PAY000912,INV01104,2024-04-15 00:00:00,5554.08
PAY000913,INV01105,2023-10-02 00:00:00,414.08
PAY000914,INV01105,2023-10-04 00:00:00,414.08
PAY000915,INV01109,2025-06-21 00:00:00,3564.35
PAY000916,INV01112,2024-07-13 00:00:00,7807.68
PAY000917,INV01114,2023-06-19 00:00:00,10131.48
PAY000918,INV01115,2024-09-14 00:00:00,2933.79
PAY000919,INV01119,2024-07-29 00:00:00,4771.92
PAY000920,INV01120,2024-02-20 00:00:00,4625.6
PAY000921,INV01121,2025-05-31 00:00:00,6697.68
PAY000922,INV01122,2023-08-05 00:00:00,13253.32
PAY000923,INV01123,2025-01-24 00:00:00,2824.07
PAY000924,INV01123,2025-01-18 00:00:00,2824.07
PAY000925,INV01126,2025-08-19 00:00:00,12940.07
PAY000926,INV01129,2023-09-11 00:00:00,4968.26
PAY000927,INV01130,2024-12-13 00:00:00,574.36
PAY000928,INV01131,2024-06-12 00:00:00,16747.08
PAY000929,INV01132,2025-08-07 00:00:00,7543.24
PAY000930,INV01134,2024-11-06 00:00:00,10843.71
PAY000931,INV01137,2025-06-09 00:00:00,5149.05
PAY000932,INV01139,2023-07-07 00:00:00,1345.6
PAY000933,INV01139,2023-06-25 00:00:00,1345.59
PAY000934,INV01141,2025-02-03 00:00:00,1696.96
PAY000935,INV01142,2023-07-09 00:00:00,4731.7
PAY000936,INV01143,2025-10-07 00:00:00,9799.07
PAY000937,INV01144,2025-09-18 00:00:00,8360.94
PAY000938,INV01146,2025-12-20 00:00:00,6223.87
PAY000939,INV01147,2023-06-28 00:00:00,2790.98
PAY000940,INV01149,2025-04-07 00:00:00,3357.34
PAY000941,INV01149,2025-05-23 00:00:00,3357.34
PAY000942,INV01150,2025-01-02 00:00:00,1380.71
PAY000943,INV01152,2025-11-10 00:00:00,1344.76
PAY000944,INV01152,2025-09-12 00:00:00,1344.75
PAY000945,INV01154,2024-03-31 00:00:00,126.39
PAY000946,INV01154,2024-05-15 00:00:00,126.39
PAY000947,INV01156,2024-12-15 00:00:00,10587.52
PAY000948,INV01156,2024-11-21 00:00:00,10587.53
PAY000949,INV01157,2025-10-04 00:00:00,14014.62
PAY000950,INV01158,2024-05-15 00:00:00,1152.86
PAY000951,INV01159,2024-01-20 00:00:00,1724.46
PAY000952,INV01160,2023-11-03 00:00:00,2156.32
PAY000953,INV01161,2024-01-06 00:00:00,9119.36
PAY000954,INV01163,2025-07-13 00:00:00,2762.03
PAY000955,INV01164,2023-06-06 00:00:00,1709.48
PAY000956,INV01164,2023-04-20 00:00:00,1709.47
PAY000957,INV01165,2025-07-18 00:00:00,6526.81
PAY000958,INV01166,2025-10-14 00:00:00,4523.19
PAY000959,INV01167,2023-12-06 00:00:00,9683.21
PAY000960,INV01168,2023-10-30 00:00:00,15722.6
PAY000961,INV01169,2023-04-06 00:00:00,18108.59
PAY000962,INV01171,2025-10-06 00:00:00,342.99
PAY000963,INV01171,2025-09-25 00:00:00,342.99
PAY000964,INV01172,2024-07-12 00:00:00,9322.91
PAY000965,INV01172,2024-09-03 00:00:00,9322.91
PAY000966,INV01173,2024-12-06 00:00:00,4651.38
PAY000967,INV01174,2025-12-19 00:00:00,454.71
PAY000968,INV01174,2026-01-31 00:00:00,454.71
PAY000969,INV01176,2026-03-01 00:00:00,1090.85
PAY000970,INV01177,2025-07-28 00:00:00,7574.53
PAY000971,INV01179,2024-01-12 00:00:00,2215.12
PAY000972,INV01183,2025-01-29 00:00:00,2700.68
PAY000973,INV01183,2025-01-14 00:00:00,2700.68
PAY000974,INV01184,2025-12-08 00:00:00,10858.94
PAY000975,INV01185,2025-12-04 00:00:00,371.4
PAY000976,INV01186,2025-12-24 00:00:00,9781.06
PAY000977,INV01187,2024-05-18 00:00:00,11787.97
PAY000978,INV01190,2026-03-11 00:00:00,12339.48
PAY000979,INV01190,2026-01-04 00:00:00,12339.47
PAY000980,INV01192,2024-02-15 00:00:00,6590.82
PAY000981,INV01193,2024-01-12 00:00:00,13690.68
PAY000982,INV01194,2024-04-03 00:00:00,12403.66
PAY000983,INV01195,2023-10-15 00:00:00,21509.5
PAY000984,INV01198,2025-02-13 00:00:00,4483.35
PAY000985,INV01199,2023-02-03 00:00:00,167.77
PAY000986,INV01200,2025-04-09 00:00:00,10385.28
PAY000987,INV01202,2024-02-25 00:00:00,10281.15
PAY000988,INV01203,2023-11-20 00:00:00,4382.3
PAY000989,INV01204,2024-07-21 00:00:00,5193.58
PAY000990,INV01204,2024-09-05 00:00:00,5193.59
PAY000991,INV01206,2023-07-18 00:00:00,1005.2
PAY000992,INV01206,2023-09-19 00:00:00,1005.19
PAY000993,INV01207,2023-09-04 00:00:00,6408.55
PAY000994,INV01209,2024-08-28 00:00:00,2170.57
PAY000995,INV01210,2025-05-30 00:00:00,2542.27
PAY000996,INV01211,2023-04-25 00:00:00,10583.22
PAY000997,INV01212,2024-09-09 00:00:00,5728.76
PAY000998,INV01214,2023-10-27 00:00:00,2433.31
PAY000999,INV01214,2023-07-26 00:00:00,2433.31
PAY001000,INV01215,2024-01-07 00:00:00,21959.67
PAY001001,INV01216,2025-11-26 00:00:00,2834.98
PAY001002,INV01216,2025-11-17 00:00:00,2834.98
PAY001003,INV01217,2023-09-30 00:00:00,12577.45
PAY001004,INV01218,2024-09-12 00:00:00,1073.6
PAY001005,INV01218,2024-10-03 00:00:00,1073.6
PAY001006,INV01220,2023-12-20 00:00:00,2982.3
PAY001007,INV01220,2023-12-12 00:00:00,2982.29
PAY001008,INV01221,2025-03-31 00:00:00,987.78
PAY001009,INV01221,2025-04-05 00:00:00,987.78
PAY001010,INV01223,2024-04-17 00:00:00,7802.62
PAY001011,INV01224,2024-03-31 00:00:00,8349.83
PAY001012,INV01225,2023-04-08 00:00:00,1131.26
PAY001013,INV01227,2025-07-08 00:00:00,2625.9
PAY001014,INV01229,2025-02-20 00:00:00,2650.67
PAY001015,INV01230,2024-12-02 00:00:00,557.03
PAY001016,INV01231,2025-03-17 00:00:00,5695.26
PAY001017,INV01232,2025-10-10 00:00:00,3868.61
PAY001018,INV01233,2023-03-14 00:00:00,2577.58
PAY001019,INV01233,2023-04-14 00:00:00,2577.58
PAY001020,INV01234,2025-08-09 00:00:00,3460.86
PAY001021,INV01235,2024-08-08 00:00:00,300.94
PAY001022,INV01235,2024-10-31 00:00:00,300.93
PAY001023,INV01236,2024-05-06 00:00:00,5977.12
PAY001024,INV01237,2025-08-22 00:00:00,1637.64
PAY001025,INV01237,2025-09-09 00:00:00,1637.64
PAY001026,INV01238,2025-08-05 00:00:00,21561.31
PAY001027,INV01239,2024-10-22 00:00:00,1158.96
PAY001028,INV01240,2024-02-26 00:00:00,10710.8
PAY001029,INV01241,2025-02-16 00:00:00,412.06
PAY001030,INV01244,2024-02-14 00:00:00,11701.24
PAY001031,INV01244,2024-02-13 00:00:00,11701.25
PAY001032,INV01245,2023-10-18 00:00:00,17081.59
PAY001033,INV01246,2025-05-19 00:00:00,5145.2
PAY001034,INV01246,2025-04-17 00:00:00,5145.21
PAY001035,INV01247,2024-10-26 00:00:00,11130.34
PAY001036,INV01249,2025-05-16 00:00:00,1865.63
PAY001037,INV01249,2025-07-21 00:00:00,1865.63
PAY001038,INV01250,2023-07-25 00:00:00,1894.93
PAY001039,INV01250,2023-08-04 00:00:00,1894.93
PAY001040,INV01251,2025-12-23 00:00:00,4868.91
PAY001041,INV01252,2024-04-24 00:00:00,2534.09
PAY001042,INV01255,2023-06-18 00:00:00,17435.54
PAY001043,INV01256,2023-03-26 00:00:00,575.67
PAY001044,INV01256,2023-03-12 00:00:00,575.67
PAY001045,INV01257,2023-04-04 00:00:00,1012.82
PAY001046,INV01257,2023-04-27 00:00:00,1012.82
PAY001047,INV01260,2025-10-19 00:00:00,13962.75
PAY001048,INV01261,2024-06-25 00:00:00,4078.9
PAY001049,INV01261,2024-04-17 00:00:00,4078.9
PAY001050,INV01262,2024-11-04 00:00:00,2158.22
PAY001051,INV01264,2025-11-01 00:00:00,990.92
PAY001052,INV01264,2025-09-23 00:00:00,990.91
PAY001053,INV01267,2023-07-27 00:00:00,368.84
PAY001054,INV01270,2025-03-24 00:00:00,11932
PAY001055,INV01271,2025-08-02 00:00:00,2283
PAY001056,INV01271,2025-08-05 00:00:00,2283
PAY001057,INV01272,2025-10-20 00:00:00,1555.95
PAY001058,INV01273,2024-11-16 00:00:00,1221.96
PAY001059,INV01276,2024-06-21 00:00:00,1979.69
PAY001060,INV01276,2024-07-15 00:00:00,1979.69
PAY001061,INV01277,2024-06-05 00:00:00,4801.54
PAY001062,INV01277,2024-05-07 00:00:00,4801.53
PAY001063,INV01278,2025-10-05 00:00:00,1186.02
PAY001064,INV01278,2025-10-29 00:00:00,1186.02
PAY001065,INV01280,2024-11-16 00:00:00,2462.4
PAY001066,INV01280,2024-10-28 00:00:00,2462.4
PAY001067,INV01282,2025-10-23 00:00:00,4446.74
PAY001068,INV01283,2023-06-21 00:00:00,7938.94
PAY001069,INV01283,2023-07-21 00:00:00,7938.95
PAY001070,INV01284,2023-09-17 00:00:00,5204.39
PAY001071,INV01285,2024-07-02 00:00:00,2038.76
PAY001072,INV01286,2025-09-26 00:00:00,5870.64
PAY001073,INV01287,2023-08-13 00:00:00,11491.18
PAY001074,INV01287,2023-08-04 00:00:00,11491.18
PAY001075,INV01288,2024-09-24 00:00:00,11121.5
PAY001076,INV01290,2025-05-04 00:00:00,5075.64
PAY001077,INV01292,2025-01-27 00:00:00,2175.58
PAY001078,INV01293,2024-12-17 00:00:00,1023.22
PAY001079,INV01293,2024-10-19 00:00:00,1023.21
PAY001080,INV01294,2024-05-11 00:00:00,4018.33
PAY001081,INV01294,2024-02-06 00:00:00,4018.33
PAY001082,INV01295,2023-11-22 00:00:00,2305.24
PAY001083,INV01297,2023-10-22 00:00:00,7556.72
PAY001084,INV01298,2024-04-15 00:00:00,20452.41
PAY001085,INV01299,2023-08-29 00:00:00,2465.51
PAY001086,INV01299,2023-11-23 00:00:00,2465.51
PAY001087,INV01301,2024-08-02 00:00:00,5318.86
PAY001088,INV01302,2023-02-26 00:00:00,3159.17
PAY001089,INV01302,2023-06-15 00:00:00,3159.17
PAY001090,INV01305,2023-11-12 00:00:00,11417.37
PAY001091,INV01306,2024-05-10 00:00:00,17553.96
PAY001092,INV01307,2024-10-07 00:00:00,9381.3
PAY001093,INV01308,2024-05-01 00:00:00,20687.94
PAY001094,INV01309,2023-05-31 00:00:00,1375.04
PAY001095,INV01309,2023-04-10 00:00:00,1375.04
PAY001096,INV01310,2025-12-13 00:00:00,2997.88
PAY001097,INV01310,2026-02-05 00:00:00,2997.87
PAY001098,INV01313,2026-01-25 00:00:00,797.91
PAY001099,INV01314,2026-01-29 00:00:00,5537.56
PAY001100,INV01314,2026-04-06 00:00:00,5537.57
PAY001101,INV01315,2023-04-09 00:00:00,4450.89
PAY001102,INV01316,2024-01-10 00:00:00,6470.56
PAY001103,INV01316,2024-04-16 00:00:00,6470.56
PAY001104,INV01318,2025-02-20 00:00:00,8703.08
PAY001105,INV01320,2024-06-16 00:00:00,233.2
PAY001106,INV01320,2024-05-21 00:00:00,233.21
PAY001107,INV01321,2025-07-28 00:00:00,5790.16
PAY001108,INV01321,2025-10-15 00:00:00,5790.15
PAY001109,INV01322,2023-04-23 00:00:00,3199.84
PAY001110,INV01323,2024-03-12 00:00:00,9976.78
PAY001111,INV01325,2024-09-19 00:00:00,1026.38
PAY001112,INV01327,2026-01-29 00:00:00,674.78
PAY001113,INV01328,2023-09-02 00:00:00,11407.62
PAY001114,INV01328,2023-06-12 00:00:00,11407.62
PAY001115,INV01329,2024-03-21 00:00:00,324.08
PAY001116,INV01330,2025-06-04 00:00:00,12354.58
PAY001117,INV01332,2024-10-24 00:00:00,4019.07
PAY001118,INV01332,2024-08-27 00:00:00,4019.07
PAY001119,INV01334,2025-09-23 00:00:00,2230.76
PAY001120,INV01334,2025-08-03 00:00:00,2230.76
PAY001121,INV01337,2025-07-21 00:00:00,9334.18
PAY001122,INV01338,2025-09-26 00:00:00,13893.59
PAY001123,INV01340,2023-03-25 00:00:00,3518.21
PAY001124,INV01341,2024-10-14 00:00:00,13596.7
PAY001125,INV01342,2024-03-10 00:00:00,661.09
PAY001126,INV01342,2024-02-23 00:00:00,661.09
PAY001127,INV01344,2023-11-09 00:00:00,5738.5
PAY001128,INV01345,2023-08-18 00:00:00,2133.01
PAY001129,INV01346,2025-09-07 00:00:00,9616.02
PAY001130,INV01347,2023-10-25 00:00:00,14336.76
PAY001131,INV01348,2024-09-21 00:00:00,2200.3
PAY001132,INV01348,2024-09-24 00:00:00,2200.29
PAY001133,INV01349,2024-06-06 00:00:00,23825.53
PAY001134,INV01350,2023-07-11 00:00:00,2322.41
PAY001135,INV01350,2023-07-08 00:00:00,2322.4
PAY001136,INV01353,2023-08-02 00:00:00,214.42
PAY001137,INV01353,2023-07-05 00:00:00,214.42
PAY001138,INV01355,2024-12-29 00:00:00,11893.39
PAY001139,INV01356,2025-04-11 00:00:00,4545.73
PAY001140,INV01358,2024-04-04 00:00:00,11510.3
PAY001141,INV01359,2025-05-10 00:00:00,8161.78
PAY001142,INV01360,2023-04-27 00:00:00,8882.25
PAY001143,INV01361,2023-04-09 00:00:00,12029
PAY001144,INV01361,2023-04-21 00:00:00,12028.99
PAY001145,INV01362,2024-06-13 00:00:00,5699.44
PAY001146,INV01363,2024-12-22 00:00:00,4680.64
PAY001147,INV01363,2024-12-10 00:00:00,4680.63
PAY001148,INV01364,2023-07-09 00:00:00,4557.71
PAY001149,INV01365,2026-01-09 00:00:00,11391.97
PAY001150,INV01368,2024-01-19 00:00:00,5097.31
PAY001151,INV01368,2024-02-01 00:00:00,5097.32
PAY001152,INV01371,2025-05-26 00:00:00,7982.84
PAY001153,INV01371,2025-06-17 00:00:00,7982.83
PAY001154,INV01373,2025-10-10 00:00:00,9975.7
PAY001155,INV01374,2025-10-06 00:00:00,11777.16
PAY001156,INV01375,2025-04-21 00:00:00,7884.32
PAY001157,INV01375,2025-02-18 00:00:00,7884.33
PAY001158,INV01376,2024-03-27 00:00:00,4667.47
PAY001159,INV01378,2024-04-02 00:00:00,5300.87
PAY001160,INV01378,2024-02-01 00:00:00,5300.87
PAY001161,INV01379,2026-01-12 00:00:00,10178.81
PAY001162,INV01380,2023-12-20 00:00:00,877.98
PAY001163,INV01380,2023-11-14 00:00:00,877.97
PAY001164,INV01381,2023-07-16 00:00:00,2586.49
PAY001165,INV01383,2025-07-09 00:00:00,5766.79
PAY001166,INV01383,2025-08-07 00:00:00,5766.79
PAY001167,INV01385,2025-07-20 00:00:00,4623.04
PAY001168,INV01386,2025-07-31 00:00:00,2006.4
PAY001169,INV01386,2025-06-07 00:00:00,2006.41
PAY001170,INV01390,2024-06-21 00:00:00,2749.79
PAY001171,INV01391,2023-10-27 00:00:00,3825.91
PAY001172,INV01391,2023-12-28 00:00:00,3825.91
PAY001173,INV01393,2025-05-20 00:00:00,12323.73
PAY001174,INV01395,2023-08-20 00:00:00,12099.07
PAY001175,INV01397,2024-07-22 00:00:00,23949.8
PAY001176,INV01398,2024-08-04 00:00:00,8223.05
PAY001177,INV01399,2025-01-28 00:00:00,6069.98
PAY001178,INV01400,2024-09-10 00:00:00,11249.95
PAY001179,INV01400,2024-12-19 00:00:00,11249.95
PAY001180,INV01401,2023-08-25 00:00:00,3340.93
PAY001181,INV01401,2023-08-08 00:00:00,3340.93
PAY001182,INV01402,2023-03-14 00:00:00,17828.33
PAY001183,INV01403,2023-10-07 00:00:00,5008.68
PAY001184,INV01404,2023-10-04 00:00:00,11444.8
PAY001185,INV01405,2024-05-19 00:00:00,1762.26
PAY001186,INV01407,2025-11-07 00:00:00,261.56
PAY001187,INV01409,2024-07-21 00:00:00,12221.72
PAY001188,INV01410,2025-10-23 00:00:00,1609.42
PAY001189,INV01411,2025-08-07 00:00:00,8375.56
PAY001190,INV01414,2024-11-13 00:00:00,1063.01
PAY001191,INV01415,2025-07-01 00:00:00,18338.85
PAY001192,INV01416,2025-07-06 00:00:00,3801.54
PAY001193,INV01417,2024-11-20 00:00:00,2301.96
PAY001194,INV01417,2024-09-25 00:00:00,2301.95
PAY001195,INV01418,2025-12-13 00:00:00,14519.09
PAY001196,INV01419,2025-02-11 00:00:00,12198.78
PAY001197,INV01421,2024-04-17 00:00:00,1108.78
PAY001198,INV01421,2024-03-21 00:00:00,1108.77
PAY001199,INV01423,2025-02-05 00:00:00,2176.8
PAY001200,INV01425,2024-08-23 00:00:00,428.1
PAY001201,INV01425,2024-08-14 00:00:00,428.11
PAY001202,INV01428,2024-10-10 00:00:00,11350.61
PAY001203,INV01431,2024-04-07 00:00:00,2679.55
PAY001204,INV01431,2024-04-16 00:00:00,2679.55
PAY001205,INV01434,2024-09-01 00:00:00,2659.29
PAY001206,INV01435,2023-08-07 00:00:00,14648.67
PAY001207,INV01436,2025-10-06 00:00:00,10632.46
PAY001208,INV01436,2025-10-09 00:00:00,10632.46
PAY001209,INV01437,2024-01-02 00:00:00,4954.53
PAY001210,INV01438,2025-07-28 00:00:00,5521.74
PAY001211,INV01440,2025-06-19 00:00:00,13358.85
PAY001212,INV01441,2023-06-08 00:00:00,13616.02
PAY001213,INV01442,2024-07-07 00:00:00,12049.06
PAY001214,INV01443,2025-05-15 00:00:00,2656.96
PAY001215,INV01445,2025-10-07 00:00:00,758.34
PAY001216,INV01445,2025-11-19 00:00:00,758.34
PAY001217,INV01446,2023-10-28 00:00:00,6292.99
PAY001218,INV01447,2025-01-26 00:00:00,14213.74
PAY001219,INV01451,2025-07-15 00:00:00,17888.58
PAY001220,INV01454,2023-10-18 00:00:00,6712.96
PAY001221,INV01454,2023-11-08 00:00:00,6712.95
PAY001222,INV01456,2024-12-17 00:00:00,897.12
PAY001223,INV01456,2025-01-19 00:00:00,897.13
PAY001224,INV01457,2023-05-03 00:00:00,4572.27
PAY001225,INV01458,2023-04-13 00:00:00,3471.92
PAY001226,INV01459,2023-12-11 00:00:00,1979.5
PAY001227,INV01459,2023-10-24 00:00:00,1979.5
PAY001228,INV01460,2025-05-27 00:00:00,13545.54
PAY001229,INV01461,2023-05-03 00:00:00,14328.21
PAY001230,INV01465,2026-01-30 00:00:00,7810.63
PAY001231,INV01466,2023-02-11 00:00:00,12130.28
PAY001232,INV01466,2023-04-13 00:00:00,12130.28
PAY001233,INV01467,2023-04-25 00:00:00,4581.74
PAY001234,INV01468,2025-07-04 00:00:00,11551.9
PAY001235,INV01470,2024-11-16 00:00:00,14997.07
PAY001236,INV01471,2023-10-03 00:00:00,2602.28
PAY001237,INV01471,2023-07-18 00:00:00,2602.29
PAY001238,INV01473,2023-10-25 00:00:00,1971.6
PAY001239,INV01473,2023-10-17 00:00:00,1971.6
PAY001240,INV01475,2023-08-03 00:00:00,6249.88
PAY001241,INV01476,2025-01-02 00:00:00,6726.04
PAY001242,INV01478,2025-11-22 00:00:00,3305.79
PAY001243,INV01480,2025-08-13 00:00:00,10113.38
PAY001244,INV01481,2023-09-03 00:00:00,1262.88
PAY001245,INV01481,2023-08-14 00:00:00,1262.89
PAY001246,INV01483,2023-05-02 00:00:00,8391.02
PAY001247,INV01484,2024-03-27 00:00:00,12471.4
PAY001248,INV01485,2026-04-14 00:00:00,2806.02
PAY001249,INV01487,2024-04-02 00:00:00,5315.7
PAY001250,INV01487,2024-04-09 00:00:00,5315.69
PAY001251,INV01488,2023-08-06 00:00:00,9001.56
PAY001252,INV01492,2023-07-28 00:00:00,4266.58
PAY001253,INV01494,2024-08-27 00:00:00,349.87
PAY001254,INV01495,2024-01-30 00:00:00,6065.92
PAY001255,INV01496,2025-08-24 00:00:00,4369.96
PAY001256,INV01497,2025-11-05 00:00:00,2881.64
PAY001257,INV01497,2025-09-08 00:00:00,2881.64
PAY001258,INV01498,2025-01-04 00:00:00,198.52
PAY001259,INV01499,2026-03-14 00:00:00,3510.99
PAY001260,INV01499,2026-01-15 00:00:00,3510.99
